Workbook

Sheet Sheet1
A1: Soil mass used (g) | B1: Sample rep | C1: Site | D1: Aggregate | E1: Specimen Cup 1 | F1: Specimen Cup 2 | G1: Specimen Cup 3 | H1: Specimen Cup 1 + soil | I1: Specimen Cup 2 +soil | J1: Specimen Cup 3 +soil | K1: MAOM (g) | L1: Specimen Cup | M1: Secimen cup + soil | N1: oPOM (g) | O1: Specimen Cup | P1: Secimen cup + soil | Q1: fPOM | R1: Proportion MAOM | S1: Proportion oPOM | T1: Proportion fPOM | U1: Recovery
B2: 1 | C2: O | D2: Bulk | K2: =(H2-E2)+(I2-F2)+(J2-G2) -> 0 | N2: =M2-L2 -> 0 | Q2: =P2-O2 -> 0 | R2: =K2/(K2+N2+Q2) -> #DIV/0! | S2: =N2/(K2+N2+Q2) -> #DIV/0! | T2: =Q2/(K2+N2+Q2) -> #DIV/0! | U2: =(K2+N2+Q2)/$A$2 -> #DIV/0!
B3: 1 | C3: O | D3: A | K3: =(H3-E3)+(I3-F3) -> 0 | N3: =M3-L3 -> 0 | Q3: =P3-O3 -> 0 | R3: =K3/(K3+N3+Q3) -> #DIV/0! | S3: =N3/(K3+N3+Q3) -> #DIV/0! | T3: =Q3/(K3+N3+Q3) -> #DIV/0! | U3: =(K3+N3+Q3)/$A$2 -> #DIV/0!
B4: 1 | C4: O | D4: B | K4: =(H4-E4)+(I4-F4) -> 0 | N4: =M4-L4 -> 0 | Q4: =P4-O4 -> 0 | R4: =K4/(K4+N4+Q4) -> #DIV/0! | S4: =N4/(K4+N4+Q4) -> #DIV/0! | T4: =Q4/(K4+N4+Q4) -> #DIV/0! | U4: =(K4+N4+Q4)/$A$2 -> #DIV/0!
B5: 1 | C5: O | D5: C | K5: =(H5-E5)+(I5-F5) -> 0 | N5: =M5-L5 -> 0 | Q5: =P5-O5 -> 0 | R5: =K5/(K5+N5+Q5) -> #DIV/0! | S5: =N5/(K5+N5+Q5) -> #DIV/0! | T5: =Q5/(K5+N5+Q5) -> #DIV/0! | U5: =(K5+N5+Q5)/$A$2 -> #DIV/0!
B6: 1 | C6: O | D6: D | K6: =(H6-E6)+(I6-F6) -> 0 | N6: =M6-L6 -> 0 | Q6: =P6-O6 -> 0 | R6: =K6/(K6+N6+Q6) -> #DIV/0! | S6: =N6/(K6+N6+Q6) -> #DIV/0! | T6: =Q6/(K6+N6+Q6) -> #DIV/0! | U6: =(K6+N6+Q6)/$A$2 -> #DIV/0!
B7: 1 | C7: C | D7: Bulk | K7: =(H7-E7)+(I7-F7) -> 0 | N7: =M7-L7 -> 0 | Q7: =P7-O7 -> 0 | R7: =K7/(K7+N7+Q7) -> #DIV/0! | S7: =N7/(K7+N7+Q7) -> #DIV/0! | T7: =Q7/(K7+N7+Q7) -> #DIV/0! | U7: =(K7+N7+Q7)/$A$2 -> #DIV/0!
B8: 1 | C8: C | D8: A | K8: =(H8-E8)+(I8-F8) -> 0 | N8: =M8-L8 -> 0 | Q8: =P8-O8 -> 0 | R8: =K8/(K8+N8+Q8) -> #DIV/0! | S8: =N8/(K8+N8+Q8) -> #DIV/0! | T8: =Q8/(K8+N8+Q8) -> #DIV/0! | U8: =(K8+N8+Q8)/$A$2 -> #DIV/0!
B9: 1 | C9: C | D9: B | K9: =(H9-E9)+(I9-F9) -> 0 | N9: =M9-L9 -> 0 | Q9: =P9-O9 -> 0 | R9: =K9/(K9+N9+Q9) -> #DIV/0! | S9: =N9/(K9+N9+Q9) -> #DIV/0! | T9: =Q9/(K9+N9+Q9) -> #DIV/0! | U9: =(K9+N9+Q9)/$A$2 -> #DIV/0!
B10: 1 | C10: C | D10: C | K10: =(H10-E10)+(I10-F10) -> 0 | N10: =M10-L10 -> 0 | Q10: =P10-O10 -> 0 | R10: =K10/(K10+N10+Q10) -> #DIV/0! | S10: =N10/(K10+N10+Q10) -> #DIV/0! | T10: =Q10/(K10+N10+Q10) -> #DIV/0! | U10: =(K10+N10+Q10)/$A$2 -> #DIV/0!
B11: 1 | C11: C | D11: D | K11: =(H11-E11)+(I11-F11) -> 0 | N11: =M11-L11 -> 0 | Q11: =P11-O11 -> 0 | R11: =K11/(K11+N11+Q11) -> #DIV/0! | S11: =N11/(K11+N11+Q11) -> #DIV/0! | T11: =Q11/(K11+N11+Q11) -> #DIV/0! | U11: =(K11+N11+Q11)/$A$2 -> #DIV/0!
B12: 2 | C12: O | D12: Bulk | K12: =(H12-E12)+(I12-F12) -> 0 | N12: =M12-L12 -> 0 | Q12: =P12-O12 -> 0 | R12: =K12/(K12+N12+Q12) -> #DIV/0! | S12: =N12/(K12+N12+Q12) -> #DIV/0! | T12: =Q12/(K12+N12+Q12) -> #DIV/0! | U12: =(K12+N12+Q12)/$A$2 -> #DIV/0!
B13: 2 | C13: O | D13: A | K13: =(H13-E13)+(I13-F13) -> 0 | N13: =M13-L13 -> 0 | Q13: =P13-O13 -> 0 | R13: =K13/(K13+N13+Q13) -> #DIV/0! | S13: =N13/(K13+N13+Q13) -> #DIV/0! | T13: =Q13/(K13+N13+Q13) -> #DIV/0! | U13: =(K13+N13+Q13)/$A$2 -> #DIV/0!
B14: 2 | C14: O | D14: B | K14: =(H14-E14)+(I14-F14) -> 0 | N14: =M14-L14 -> 0 | Q14: =P14-O14 -> 0 | R14: =K14/(K14+N14+Q14) -> #DIV/0! | S14: =N14/(K14+N14+Q14) -> #DIV/0! | T14: =Q14/(K14+N14+Q14) -> #DIV/0! | U14: =(K14+N14+Q14)/$A$2 -> #DIV/0!
... B91: 9 | C91: C | D91: D | K91: =(H91-E91)+(I91-F91) -> 0 | N91: =M91-L91 -> 0 | Q91: =P91-O91 -> 0 | R91: =K91/(K91+N91+Q91) -> #DIV/0! | S91: =N91/(K91+N91+Q91) -> #DIV/0! | T91: =Q91/(K91+N91+Q91) -> #DIV/0! | U91: =(K91+N91+Q91)/$A$2 -> #DIV/0!
K92: =(H92-E92)+(I92-F92) -> 0 | N92: =M92-L92 -> 0 | Q92: =P92-O92 -> 0 | R92: =K92/(K92+N92+Q92) -> #DIV/0! | S92: =N92/(K92+N92+Q92) -> #DIV/0! | T92: =Q92/(K92+N92+Q92) -> #DIV/0! | U92: =(K92+N92+Q92)/$A$2 -> #DIV/0!
K93: =(H93-E93)+(I93-F93) -> 0 | N93: =M93-L93 -> 0 | Q93: =P93-O93 -> 0 | R93: =K93/(K93+N93+Q93) -> #DIV/0! | S93: =N93/(K93+N93+Q93) -> #DIV/0! | T93: =Q93/(K93+N93+Q93) -> #DIV/0! | U93: =(K93+N93+Q93)/$A$2 -> #DIV/0!
K94: =(H94-E94)+(I94-F94) -> 0 | N94: =M94-L94 -> 0 | Q94: =P94-O94 -> 0 | R94: =K94/(K94+N94+Q94) -> #DIV/0! | S94: =N94/(K94+N94+Q94) -> #DIV/0! | T94: =Q94/(K94+N94+Q94) -> #DIV/0! | U94: =(K94+N94+Q94)/$A$2 -> #DIV/0!
K95: =(H95-E95)+(I95-F95) -> 0 | N95: =M95-L95 -> 0 | Q95: =P95-O95 -> 0 | R95: =K95/(K95+N95+Q95) -> #DIV/0! | S95: =N95/(K95+N95+Q95) -> #DIV/0! | T95: =Q95/(K95+N95+Q95) -> #DIV/0! | U95: =(K95+N95+Q95)/$A$2 -> #DIV/0!
K96: =(H96-E96)+(I96-F96) -> 0 | N96: =M96-L96 -> 0 | Q96: =P96-O96 -> 0 | R96: =K96/(K96+N96+Q96) -> #DIV/0! | S96: =N96/(K96+N96+Q96) -> #DIV/0! | T96: =Q96/(K96+N96+Q96) -> #DIV/0! | U96: =(K96+N96+Q96)/$A$2 -> #DIV/0!
K97: =(H97-E97)+(I97-F97) -> 0 | N97: =M97-L97 -> 0 | Q97: =P97-O97 -> 0 | R97: =K97/(K97+N97+Q97) -> #DIV/0! | S97: =N97/(K97+N97+Q97) -> #DIV/0! | T97: =Q97/(K97+N97+Q97) -> #DIV/0! | U97: =(K97+N97+Q97)/$A$2 -> #DIV/0!
K98: =(H98-E98)+(I98-F98) -> 0 | N98: =M98-L98 -> 0 | Q98: =P98-O98 -> 0 | R98: =K98/(K98+N98+Q98) -> #DIV/0! | S98: =N98/(K98+N98+Q98) -> #DIV/0! | T98: =Q98/(K98+N98+Q98) -> #DIV/0! | U98: =(K98+N98+Q98)/$A$2 -> #DIV/0!
K99: =(H99-E99)+(I99-F99) -> 0 | N99: =M99-L99 -> 0 | Q99: =P99-O99 -> 0 | R99: =K99/(K99+N99+Q99) -> #DIV/0! | S99: =N99/(K99+N99+Q99) -> #DIV/0! | T99: =Q99/(K99+N99+Q99) -> #DIV/0! | U99: =(K99+N99+Q99)/$A$2 -> #DIV/0!
K100: =(H100-E100)+(I100-F100) -> 0 | N100: =M100-L100 -> 0 | Q100: =P100-O100 -> 0 | R100: =K100/(K100+N100+Q100) -> #DIV/0! | S100: =N100/(K100+N100+Q100) -> #DIV/0! | T100: =Q100/(K100+N100+Q100) -> #DIV/0! | U100: =(K100+N100+Q100)/$A$2 -> #DIV/0!
K101: =(H101-E101)+(I101-F101) -> 0 | N101: =M101-L101 -> 0 | Q101: =P101-O101 -> 0 | R101: =K101/(K101+N101+Q101) -> #DIV/0! | S101: =N101/(K101+N101+Q101) -> #DIV/0! | T101: =Q101/(K101+N101+Q101) -> #DIV/0! | U101: =(K101+N101+Q101)/$A$2 -> #DIV/0!
K102: =(H102-E102)+(I102-F102) -> 0 | N102: =M102-L102 -> 0 | Q102: =P102-O102 -> 0 | R102: =K102/(K102+N102+Q102) -> #DIV/0! | S102: =N102/(K102+N102+Q102) -> #DIV/0! | T102: =Q102/(K102+N102+Q102) -> #DIV/0! | U102: =(K102+N102+Q102)/$A$2 -> #DIV/0!
K103: =(H103-E103)+(I103-F103) -> 0 | N103: =M103-L103 -> 0 | Q103: =P103-O103 -> 0 | R103: =K103/(K103+N103+Q103) -> #DIV/0! | S103: =N103/(K103+N103+Q103) -> #DIV/0! | T103: =Q103/(K103+N103+Q103) -> #DIV/0! | U103: =(K103+N103+Q103)/$A$2 -> #DIV/0!
... K129: =(H129-E129)+(I129-F129) -> 0 | N129: =M129-L129 -> 0 | Q129: =P129-O129 -> 0 | R129: =K129/(K129+N129+Q129) -> #DIV/0! | S129: =N129/(K129+N129+Q129) -> #DIV/0! | T129: =Q129/(K129+N129+Q129) -> #DIV/0! | U129: =(K129+N129+Q129)/$A$2 -> #DIV/0!
N130: =M130-L130 -> 0 | Q130: =P130-O130 -> 0 | R130: =K130/(K130+N130+Q130) -> #DIV/0! | S130: =N130/(K130+N130+Q130) -> #DIV/0! | T130: =Q130/(K130+N130+Q130) -> #DIV/0! | U130: =(K130+N130+Q130)/$A$2 -> #DIV/0!
N131: =M131-L131 -> 0 | Q131: =P131-O131 -> 0 | R131: =K131/(K131+N131+Q131) -> #DIV/0! | S131: =N131/(K131+N131+Q131) -> #DIV/0! | T131: =Q131/(K131+N131+Q131) -> #DIV/0! | U131: =(K131+N131+Q131)/$A$2 -> #DIV/0!
N132: =M132-L132 -> 0 | Q132: =P132-O132 -> 0 | R132: =K132/(K132+N132+Q132) -> #DIV/0! | S132: =N132/(K132+N132+Q132) -> #DIV/0! | T132: =Q132/(K132+N132+Q132) -> #DIV/0! | U132: =(K132+N132+Q132)/$A$2 -> #DIV/0!
N133: =M133-L133 -> 0 | Q133: =P133-O133 -> 0 | R133: =K133/(K133+N133+Q133) -> #DIV/0! | S133: =N133/(K133+N133+Q133) -> #DIV/0! | T133: =Q133/(K133+N133+Q133) -> #DIV/0! | U133: =(K133+N133+Q133)/$A$2 -> #DIV/0!
R134: =K134/(K134+N134+Q134) -> #DIV/0! | S134: =N134/(K134+N134+Q134) -> #DIV/0! | T134: =Q134/(K134+N134+Q134) -> #DIV/0! | U134: =(K134+N134+Q134)/$A$2 -> #DIV/0!

Sheet Summary
A1: Sample rep | B1: Site | C1: Aggregate | D1: MAOM (g) | E1: oPOM (g) | F1: fPOM | G1: Proportion MAOM | H1: Proportion oPOM | I1: Proportion fPOM | J1: Recovery
A2: =Sheet1!B2 -> 1 | B2: =Sheet1!C2 -> O | C2: =Sheet1!D2 -> Bulk | D2: =Sheet1!K2 -> 0 | E2: =Sheet1!N2 -> 0 | F2: =Sheet1!Q2 -> 0 | G2: =Sheet1!R2 -> #DIV/0! | H2: =Sheet1!S2 -> #DIV/0! | I2: =Sheet1!T2 -> #DIV/0! | J2: =Sheet1!U2 -> #DIV/0!
A3: =Sheet1!B3 -> 1 | B3: =Sheet1!C3 -> O | C3: =Sheet1!D3 -> A | D3: =Sheet1!K3 -> 0 | E3: =Sheet1!N3 -> 0 | F3: =Sheet1!Q3 -> 0 | G3: =Sheet1!R3 -> #DIV/0! | H3: =Sheet1!S3 -> #DIV/0! | I3: =Sheet1!T3 -> #DIV/0! | J3: =Sheet1!U3 -> #DIV/0!
A4: =Sheet1!B4 -> 1 | B4: =Sheet1!C4 -> O | C4: =Sheet1!D4 -> B | D4: =Sheet1!K4 -> 0 | E4: =Sheet1!N4 -> 0 | F4: =Sheet1!Q4 -> 0 | G4: =Sheet1!R4 -> #DIV/0! | H4: =Sheet1!S4 -> #DIV/0! | I4: =Sheet1!T4 -> #DIV/0! | J4: =Sheet1!U4 -> #DIV/0!
A5: =Sheet1!B5 -> 1 | B5: =Sheet1!C5 -> O | C5: =Sheet1!D5 -> C | D5: =Sheet1!K5 -> 0 | E5: =Sheet1!N5 -> 0 | F5: =Sheet1!Q5 -> 0 | G5: =Sheet1!R5 -> #DIV/0! | H5: =Sheet1!S5 -> #DIV/0! | I5: =Sheet1!T5 -> #DIV/0! | J5: =Sheet1!U5 -> #DIV/0!
A6: =Sheet1!B6 -> 1 | B6: =Sheet1!C6 -> O | C6: =Sheet1!D6 -> D | D6: =Sheet1!K6 -> 0 | E6: =Sheet1!N6 -> 0 | F6: =Sheet1!Q6 -> 0 | G6: =Sheet1!R6 -> #DIV/0! | H6: =Sheet1!S6 -> #DIV/0! | I6: =Sheet1!T6 -> #DIV/0! | J6: =Sheet1!U6 -> #DIV/0!
A7: =Sheet1!B7 -> 1 | B7: =Sheet1!C7 -> C | C7: =Sheet1!D7 -> Bulk | D7: =Sheet1!K7 -> 0 | E7: =Sheet1!N7 -> 0 | F7: =Sheet1!Q7 -> 0 | G7: =Sheet1!R7 -> #DIV/0! | H7: =Sheet1!S7 -> #DIV/0! | I7: =Sheet1!T7 -> #DIV/0! | J7: =Sheet1!U7 -> #DIV/0!
A8: =Sheet1!B8 -> 1 | B8: =Sheet1!C8 -> C | C8: =Sheet1!D8 -> A | D8: =Sheet1!K8 -> 0 | E8: =Sheet1!N8 -> 0 | F8: =Sheet1!Q8 -> 0 | G8: =Sheet1!R8 -> #DIV/0! | H8: =Sheet1!S8 -> #DIV/0! | I8: =Sheet1!T8 -> #DIV/0! | J8: =Sheet1!U8 -> #DIV/0!
A9: =Sheet1!B9 -> 1 | B9: =Sheet1!C9 -> C | C9: =Sheet1!D9 -> B | D9: =Sheet1!K9 -> 0 | E9: =Sheet1!N9 -> 0 | F9: =Sheet1!Q9 -> 0 | G9: =Sheet1!R9 -> #DIV/0! | H9: =Sheet1!S9 -> #DIV/0! | I9: =Sheet1!T9 -> #DIV/0! | J9: =Sheet1!U9 -> #DIV/0!
A10: =Sheet1!B10 -> 1 | B10: =Sheet1!C10 -> C | C10: =Sheet1!D10 -> C | D10: =Sheet1!K10 -> 0 | E10: =Sheet1!N10 -> 0 | F10: =Sheet1!Q10 -> 0 | G10: =Sheet1!R10 -> #DIV/0! | H10: =Sheet1!S10 -> #DIV/0! | I10: =Sheet1!T10 -> #DIV/0! | J10: =Sheet1!U10 -> #DIV/0!
A11: =Sheet1!B11 -> 1 | B11: =Sheet1!C11 -> C | C11: =Sheet1!D11 -> D | D11: =Sheet1!K11 -> 0 | E11: =Sheet1!N11 -> 0 | F11: =Sheet1!Q11 -> 0 | G11: =Sheet1!R11 -> #DIV/0! | H11: =Sheet1!S11 -> #DIV/0! | I11: =Sheet1!T11 -> #DIV/0! | J11: =Sheet1!U11 -> #DIV/0!
A12: =Sheet1!B12 -> 2 | B12: =Sheet1!C12 -> O | C12: =Sheet1!D12 -> Bulk | D12: =Sheet1!K12 -> 0 | E12: =Sheet1!N12 -> 0 | F12: =Sheet1!Q12 -> 0 | G12: =Sheet1!R12 -> #DIV/0! | H12: =Sheet1!S12 -> #DIV/0! | I12: =Sheet1!T12 -> #DIV/0! | J12: =Sheet1!U12 -> #DIV/0!
A13: =Sheet1!B13 -> 2 | B13: =Sheet1!C13 -> O | C13: =Sheet1!D13 -> A | D13: =Sheet1!K13 -> 0 | E13: =Sheet1!N13 -> 0 | F13: =Sheet1!Q13 -> 0 | G13: =Sheet1!R13 -> #DIV/0! | H13: =Sheet1!S13 -> #DIV/0! | I13: =Sheet1!T13 -> #DIV/0! | J13: =Sheet1!U13 -> #DIV/0!
... A91: =Sheet1!B91 -> 9 | B91: =Sheet1!C91 -> C | C91: =Sheet1!D91 -> D | D91: =Sheet1!K91 -> 0 | E91: =Sheet1!N91 -> 0 | F91: =Sheet1!Q91 -> 0 | G91: =Sheet1!R91 -> #DIV/0! | H91: =Sheet1!S91 -> #DIV/0! | I91: =Sheet1!T91 -> #DIV/0! | J91: =Sheet1!U91 -> #DIV/0!
A92: =Sheet1!B92 -> 0 | B92: =Sheet1!C92 -> 0 | C92: =Sheet1!D92 -> 0
